image_id,identity,path,date,category,split,client
1416,Lydia,MacaqueFaces/Random/Lydia/Macaque_Face_1417.jpg,2014-07-11,Random,query,-1
1376,Lydia,MacaqueFaces/Rotated/Lydia/Macaque_Face_1377.jpg,2014-07-11,Rotated,query,-1
4044,Spice,MacaqueFaces/Random/Spice/Macaque_Face_4045.jpg,2014-10-27,Random,query,-1
4068,Spice,MacaqueFaces/Random/Spice/Macaque_Face_4069.jpg,2014-12-02,Random,query,-1
2374,Mindy,MacaqueFaces/Random/Mindy/Macaque_Face_2375.jpg,2014-03-21,Random,query,-1
2398,Mindy,MacaqueFaces/Random/Mindy/Macaque_Face_2399.jpg,2015-02-16,Random,query,-1
1786,Meesha,MacaqueFaces/Random/Meesha/Macaque_Face_1787.jpg,2015-07-02,Random,query,-1
1746,Meesha,MacaqueFaces/Rotated/Meesha/Macaque_Face_1747.jpg,2014-07-15,Rotated,query,-1
4404,Sugar,MacaqueFaces/Random/Sugar/Macaque_Face_4405.jpg,2014-06-12,Random,query,-1
4428,Sugar,MacaqueFaces/Random/Sugar/Macaque_Face_4429.jpg,2014-03-19,Random,query,-1
2146,Melody,MacaqueFaces/Random/Melody/Macaque_Face_2147.jpg,2015-07-02,Random,query,-1
2106,Melody,MacaqueFaces/Rotated/Melody/Macaque_Face_2107.jpg,2014-07-15,Rotated,query,-1
6074,Venus,MacaqueFaces/Random/Venus/Macaque_Face_6075.jpg,2015-07-01,Random,query,-1
6098,Venus,MacaqueFaces/Random/Venus/Macaque_Face_6099.jpg,2015-07-01,Random,query,-1
1478,Lydia,MacaqueFaces/Random/Lydia/Macaque_Face_1479.jpg,2014-07-11,Random,gallery,-1
1403,Lydia,MacaqueFaces/Random/Lydia/Macaque_Face_1404.jpg,2014-07-11,Random,gallery,-1
1425,Lydia,MacaqueFaces/Random/Lydia/Macaque_Face_1426.jpg,2014-07-11,Random,gallery,-1
1407,Lydia,MacaqueFaces/Random/Lydia/Macaque_Face_1408.jpg,2014-07-11,Random,gallery,-1
1426,Lydia,MacaqueFaces/Random/Lydia/Macaque_Face_1427.jpg,2014-07-11,Random,gallery,-1
3889,Spice,MacaqueFaces/Contrast/Spice/Macaque_Face_3890.jpg,2015-07-22,Contrast,gallery,-1
4004,Spice,MacaqueFaces/Random/Spice/Macaque_Face_4005.jpg,2014-11-12,Random,gallery,-1
3975,Spice,MacaqueFaces/Random/Spice/Macaque_Face_3976.jpg,2014-02-13,Random,gallery,-1
3957,Spice,MacaqueFaces/Obscured/Spice/Macaque_Face_3958.jpg,2014-09-18,Obscured,gallery,-1
4065,Spice,MacaqueFaces/Random/Spice/Macaque_Face_4066.jpg,2014-09-05,Random,gallery,-1
2219,Mindy,MacaqueFaces/Contrast/Mindy/Macaque_Face_2220.jpg,2014-06-05,Contrast,gallery,-1
2334,Mindy,MacaqueFaces/Random/Mindy/Macaque_Face_2335.jpg,2014-06-05,Random,gallery,-1
2305,Mindy,MacaqueFaces/Random/Mindy/Macaque_Face_2306.jpg,2015-07-01,Random,gallery,-1
2287,Mindy,MacaqueFaces/Obscured/Mindy/Macaque_Face_2288.jpg,2014-11-25,Obscured,gallery,-1
2395,Mindy,MacaqueFaces/Random/Mindy/Macaque_Face_2396.jpg,2015-02-16,Random,gallery,-1
1848,Meesha,MacaqueFaces/Random/Meesha/Macaque_Face_1849.jpg,2014-06-16,Random,gallery,-1
1773,Meesha,MacaqueFaces/Random/Meesha/Macaque_Face_1774.jpg,2014-07-15,Random,gallery,-1
1795,Meesha,MacaqueFaces/Random/Meesha/Macaque_Face_1796.jpg,2014-07-11,Random,gallery,-1
1777,Meesha,MacaqueFaces/Random/Meesha/Macaque_Face_1778.jpg,2015-07-02,Random,gallery,-1
1796,Meesha,MacaqueFaces/Random/Meesha/Macaque_Face_1797.jpg,2014-07-15,Random,gallery,-1
4249,Sugar,MacaqueFaces/Contrast/Sugar/Macaque_Face_4250.jpg,2015-07-09,Contrast,gallery,-1
4364,Sugar,MacaqueFaces/Random/Sugar/Macaque_Face_4365.jpg,2015-07-14,Random,gallery,-1
4335,Sugar,MacaqueFaces/Random/Sugar/Macaque_Face_4336.jpg,2014-10-06,Random,gallery,-1
4317,Sugar,MacaqueFaces/Obscured/Sugar/Macaque_Face_4318.jpg,2014-08-26,Obscured,gallery,-1
4425,Sugar,MacaqueFaces/Random/Sugar/Macaque_Face_4426.jpg,2014-11-12,Random,gallery,-1
2208,Melody,MacaqueFaces/Random/Melody/Macaque_Face_2209.jpg,2014-07-11,Random,gallery,-1
2133,Melody,MacaqueFaces/Random/Melody/Macaque_Face_2134.jpg,2015-07-02,Random,gallery,-1
2155,Melody,MacaqueFaces/Random/Melody/Macaque_Face_2156.jpg,2014-06-18,Random,gallery,-1
2137,Melody,MacaqueFaces/Random/Melody/Macaque_Face_2138.jpg,2014-06-18,Random,gallery,-1
2156,Melody,MacaqueFaces/Random/Melody/Macaque_Face_2157.jpg,2014-07-15,Random,gallery,-1
5919,Venus,MacaqueFaces/Contrast/Venus/Macaque_Face_5920.jpg,2014-06-05,Contrast,gallery,-1
6034,Venus,MacaqueFaces/Random/Venus/Macaque_Face_6035.jpg,2014-03-21,Random,gallery,-1
6005,Venus,MacaqueFaces/Random/Venus/Macaque_Face_6006.jpg,2014-02-19,Random,gallery,-1
5987,Venus,MacaqueFaces/Obscured/Venus/Macaque_Face_5988.jpg,2014-03-21,Obscured,gallery,-1
6095,Venus,MacaqueFaces/Random/Venus/Macaque_Face_6096.jpg,2015-07-01,Random,gallery,-1
5729,Umbrella,MacaqueFaces/Random/Umbrella/Macaque_Face_5730.jpg,2015-07-01,Random,train,0
5629,Umbrella,MacaqueFaces/Obscured/Umbrella/Macaque_Face_5630.jpg,2014-03-21,Obscured,train,0
5715,Umbrella,MacaqueFaces/Random/Umbrella/Macaque_Face_5716.jpg,2014-02-19,Random,train,0
5698,Umbrella,MacaqueFaces/Random/Umbrella/Macaque_Face_5699.jpg,2014-02-19,Random,train,0
5635,Umbrella,MacaqueFaces/Rotated/Umbrella/Macaque_Face_5636.jpg,2014-02-19,Rotated,train,0
5692,Umbrella,MacaqueFaces/Random/Umbrella/Macaque_Face_5693.jpg,2014-02-19,Random,train,0
5710,Umbrella,MacaqueFaces/Random/Umbrella/Macaque_Face_5711.jpg,2014-02-19,Random,train,0
5731,Umbrella,MacaqueFaces/Random/Umbrella/Macaque_Face_5732.jpg,2014-02-19,Random,train,0
5647,Umbrella,MacaqueFaces/Random/Umbrella/Macaque_Face_5648.jpg,2014-06-05,Random,train,0
5597,Umbrella,MacaqueFaces/Good/Umbrella/Macaque_Face_5598.jpg,2014-02-19,Good,train,0
5716,Umbrella,MacaqueFaces/Random/Umbrella/Macaque_Face_5717.jpg,2015-07-01,Random,train,0
5667,Umbrella,MacaqueFaces/Random/Umbrella/Macaque_Face_5668.jpg,2014-02-19,Random,train,0
5673,Umbrella,MacaqueFaces/Random/Umbrella/Macaque_Face_5674.jpg,2014-02-19,Random,train,0
5675,Umbrella,MacaqueFaces/Random/Umbrella/Macaque_Face_5676.jpg,2014-11-25,Random,train,0
5652,Umbrella,MacaqueFaces/Random/Umbrella/Macaque_Face_5653.jpg,2014-02-19,Random,train,0
5735,Umbrella,MacaqueFaces/Random/Umbrella/Macaque_Face_5736.jpg,2015-02-16,Random,train,0
5608,Umbrella,MacaqueFaces/Good/Umbrella/Macaque_Face_5609.jpg,2014-02-19,Good,train,0
5696,Umbrella,MacaqueFaces/Random/Umbrella/Macaque_Face_5697.jpg,2015-07-01,Random,train,0
5728,Umbrella,MacaqueFaces/Random/Umbrella/Macaque_Face_5729.jpg,2014-02-19,Random,train,0
5732,Umbrella,MacaqueFaces/Random/Umbrella/Macaque_Face_5733.jpg,2014-06-05,Random,train,0
1298,Love,MacaqueFaces/Random/Love/Macaque_Face_1299.jpg,2014-07-15,Random,train,0
1270,Love,MacaqueFaces/Random/Love/Macaque_Face_1271.jpg,2015-07-02,Random,train,0
1197,Love,MacaqueFaces/Rotated/Love/Macaque_Face_1198.jpg,2014-07-15,Rotated,train,0
1227,Love,MacaqueFaces/Random/Love/Macaque_Face_1228.jpg,2014-07-15,Random,train,0
1229,Love,MacaqueFaces/Random/Love/Macaque_Face_1230.jpg,2014-07-11,Random,train,0
1179,Love,MacaqueFaces/Good/Love/Macaque_Face_1180.jpg,2014-06-18,Good,train,0
1246,Love,MacaqueFaces/Random/Love/Macaque_Face_1247.jpg,2014-07-15,Random,train,0
1236,Love,MacaqueFaces/Random/Love/Macaque_Face_1237.jpg,2014-07-15,Random,train,0
1129,Love,MacaqueFaces/Expression/Love/Macaque_Face_1130.jpg,2014-07-15,Expression,train,0
1158,Love,MacaqueFaces/Good/Love/Macaque_Face_1159.jpg,2014-07-15,Good,train,0
1132,Love,MacaqueFaces/Good/Love/Macaque_Face_1133.jpg,2015-07-02,Good,train,0
1223,Love,MacaqueFaces/Random/Love/Macaque_Face_1224.jpg,2014-07-15,Random,train,0
1274,Love,MacaqueFaces/Random/Love/Macaque_Face_1275.jpg,2014-07-11,Random,train,0
1295,Love,MacaqueFaces/Random/Love/Macaque_Face_1296.jpg,2014-07-15,Random,train,0
1185,Love,MacaqueFaces/Obscured/Love/Macaque_Face_1186.jpg,2014-07-15,Obscured,train,0
1196,Love,MacaqueFaces/Rotated/Love/Macaque_Face_1197.jpg,2014-07-15,Rotated,train,0
1266,Love,MacaqueFaces/Random/Love/Macaque_Face_1267.jpg,2014-07-15,Random,train,0
1245,Love,MacaqueFaces/Random/Love/Macaque_Face_1246.jpg,2014-07-11,Random,train,0
1291,Love,MacaqueFaces/Random/Love/Macaque_Face_1292.jpg,2014-07-11,Random,train,0
1254,Love,MacaqueFaces/Random/Love/Macaque_Face_1255.jpg,2014-07-15,Random,train,0
3499,Sizzle,MacaqueFaces/Random/Sizzle/Macaque_Face_3500.jpg,2015-06-24,Random,train,1
3399,Sizzle,MacaqueFaces/Obscured/Sizzle/Macaque_Face_3400.jpg,2015-06-24,Obscured,train,1
3485,Sizzle,MacaqueFaces/Random/Sizzle/Macaque_Face_3486.jpg,2015-01-14,Random,train,1
3468,Sizzle,MacaqueFaces/Random/Sizzle/Macaque_Face_3469.jpg,2015-01-14,Random,train,1
3405,Sizzle,MacaqueFaces/Rotated/Sizzle/Macaque_Face_3406.jpg,2015-06-24,Rotated,train,1
3462,Sizzle,MacaqueFaces/Random/Sizzle/Macaque_Face_3463.jpg,2014-11-19,Random,train,1
3480,Sizzle,MacaqueFaces/Random/Sizzle/Macaque_Face_3481.jpg,2015-06-24,Random,train,1
3501,Sizzle,MacaqueFaces/Random/Sizzle/Macaque_Face_3502.jpg,2015-01-14,Random,train,1
3417,Sizzle,MacaqueFaces/Random/Sizzle/Macaque_Face_3418.jpg,2015-02-23,Random,train,1
3367,Sizzle,MacaqueFaces/Good/Sizzle/Macaque_Face_3368.jpg,2015-07-15,Good,train,1
3486,Sizzle,MacaqueFaces/Random/Sizzle/Macaque_Face_3487.jpg,2015-06-24,Random,train,1
3437,Sizzle,MacaqueFaces/Random/Sizzle/Macaque_Face_3438.jpg,2015-07-15,Random,train,1
3443,Sizzle,MacaqueFaces/Random/Sizzle/Macaque_Face_3444.jpg,2015-06-24,Random,train,1
3445,Sizzle,MacaqueFaces/Random/Sizzle/Macaque_Face_3446.jpg,2015-05-29,Random,train,1
3422,Sizzle,MacaqueFaces/Random/Sizzle/Macaque_Face_3423.jpg,2014-06-30,Random,train,1
3505,Sizzle,MacaqueFaces/Random/Sizzle/Macaque_Face_3506.jpg,2015-04-07,Random,train,1
3378,Sizzle,MacaqueFaces/Good/Sizzle/Macaque_Face_3379.jpg,2015-07-21,Good,train,1
3466,Sizzle,MacaqueFaces/Random/Sizzle/Macaque_Face_3467.jpg,2015-07-15,Random,train,1
3498,Sizzle,MacaqueFaces/Random/Sizzle/Macaque_Face_3499.jpg,2015-06-24,Random,train,1
3502,Sizzle,MacaqueFaces/Random/Sizzle/Macaque_Face_3503.jpg,2014-06-30,Random,train,1
1786,Meesha,MacaqueFaces/Random/Meesha/Macaque_Face_1787.jpg,2015-07-02,Random,train,1
1679,Meesha,MacaqueFaces/Expression/Meesha/Macaque_Face_1680.jpg,2014-06-16,Expression,train,1
1708,Meesha,MacaqueFaces/Good/Meesha/Macaque_Face_1709.jpg,2014-07-15,Good,train,1
1682,Meesha,MacaqueFaces/Good/Meesha/Macaque_Face_1683.jpg,2015-07-02,Good,train,1
1773,Meesha,MacaqueFaces/Random/Meesha/Macaque_Face_1774.jpg,2014-07-15,Random,train,1
1824,Meesha,MacaqueFaces/Random/Meesha/Macaque_Face_1825.jpg,2014-07-15,Random,train,1
1845,Meesha,MacaqueFaces/Random/Meesha/Macaque_Face_1846.jpg,2014-06-16,Random,train,1
1735,Meesha,MacaqueFaces/Obscured/Meesha/Macaque_Face_1736.jpg,2015-02-16,Obscured,train,1
1746,Meesha,MacaqueFaces/Rotated/Meesha/Macaque_Face_1747.jpg,2014-07-15,Rotated,train,1
1816,Meesha,MacaqueFaces/Random/Meesha/Macaque_Face_1817.jpg,2015-07-02,Random,train,1
1795,Meesha,MacaqueFaces/Random/Meesha/Macaque_Face_1796.jpg,2014-07-11,Random,train,1
1841,Meesha,MacaqueFaces/Random/Meesha/Macaque_Face_1842.jpg,2015-07-02,Random,train,1
1804,Meesha,MacaqueFaces/Random/Meesha/Macaque_Face_1805.jpg,2015-07-02,Random,train,1
3338,Shirley,MacaqueFaces/Random/Shirley/Macaque_Face_3339.jpg,2015-06-24,Random,train,1
3310,Shirley,MacaqueFaces/Random/Shirley/Macaque_Face_3311.jpg,2015-05-29,Random,train,1
3237,Shirley,MacaqueFaces/Rotated/Shirley/Macaque_Face_3238.jpg,2015-02-23,Rotated,train,1
3267,Shirley,MacaqueFaces/Random/Shirley/Macaque_Face_3268.jpg,2015-07-14,Random,train,1
3269,Shirley,MacaqueFaces/Random/Shirley/Macaque_Face_3270.jpg,2014-11-19,Random,train,1
3219,Shirley,MacaqueFaces/Good/Shirley/Macaque_Face_3220.jpg,2015-06-24,Good,train,1
3286,Shirley,MacaqueFaces/Random/Shirley/Macaque_Face_3287.jpg,2015-07-14,Random,train,1
3276,Shirley,MacaqueFaces/Random/Shirley/Macaque_Face_3277.jpg,2015-06-24,Random,train,1
3169,Shirley,MacaqueFaces/Contrast/Shirley/Macaque_Face_3170.jpg,2014-06-30,Contrast,train,1
3198,Shirley,MacaqueFaces/Good/Shirley/Macaque_Face_3199.jpg,2015-07-14,Good,train,1
3172,Shirley,MacaqueFaces/Good/Shirley/Macaque_Face_3173.jpg,2015-04-07,Good,train,1
3263,Shirley,MacaqueFaces/Random/Shirley/Macaque_Face_3264.jpg,2015-07-15,Random,train,1
3314,Shirley,MacaqueFaces/Random/Shirley/Macaque_Face_3315.jpg,2015-07-14,Random,train,1
3335,Shirley,MacaqueFaces/Random/Shirley/Macaque_Face_3336.jpg,2014-06-30,Random,train,1
3225,Shirley,MacaqueFaces/Obscured/Shirley/Macaque_Face_3226.jpg,2015-07-14,Obscured,train,1
3236,Shirley,MacaqueFaces/Rotated/Shirley/Macaque_Face_3237.jpg,2015-07-14,Rotated,train,1
3306,Shirley,MacaqueFaces/Random/Shirley/Macaque_Face_3307.jpg,2015-07-15,Random,train,1
3285,Shirley,MacaqueFaces/Random/Shirley/Macaque_Face_3286.jpg,2015-02-23,Random,train,1
3331,Shirley,MacaqueFaces/Random/Shirley/Macaque_Face_3332.jpg,2015-06-24,Random,train,1
3294,Shirley,MacaqueFaces/Random/Shirley/Macaque_Face_3295.jpg,2015-01-14,Random,train,1
2979,Serena,MacaqueFaces/Contrast/Serena/Macaque_Face_2980.jpg,2015-04-14,Contrast,train,1
2982,Serena,MacaqueFaces/Expression/Serena/Macaque_Face_2983.jpg,2014-10-06,Expression,train,1
3086,Serena,MacaqueFaces/Random/Serena/Macaque_Face_3087.jpg,2014-12-04,Random,train,1
3047,Serena,MacaqueFaces/Obscured/Serena/Macaque_Face_3048.jpg,2014-09-05,Obscured,train,1
3033,Serena,MacaqueFaces/Good/Serena/Macaque_Face_3034.jpg,2014-09-18,Good,train,1
2997,Serena,MacaqueFaces/Good/Serena/Macaque_Face_2998.jpg,2014-12-02,Good,train,1
3155,Serena,MacaqueFaces/Random/Serena/Macaque_Face_3156.jpg,2014-09-05,Random,train,1
3134,Serena,MacaqueFaces/Random/Serena/Macaque_Face_3135.jpg,2014-10-06,Random,train,1
3067,Serena,MacaqueFaces/Random/Serena/Macaque_Face_3068.jpg,2014-12-04,Random,train,1
3060,Serena,MacaqueFaces/Random/Serena/Macaque_Face_3061.jpg,2015-04-14,Random,train,1
3126,Serena,MacaqueFaces/Random/Serena/Macaque_Face_3127.jpg,2014-09-18,Random,train,1
3094,Serena,MacaqueFaces/Random/Serena/Macaque_Face_3095.jpg,2014-09-18,Random,train,1
3120,Serena,MacaqueFaces/Random/Serena/Macaque_Face_3121.jpg,2014-09-05,Random,train,1
3077,Serena,MacaqueFaces/Random/Serena/Macaque_Face_3078.jpg,2015-07-08,Random,train,1
3056,Serena,MacaqueFaces/Rotated/Serena/Macaque_Face_3057.jpg,2014-11-12,Rotated,train,1
3158,Serena,MacaqueFaces/Random/Serena/Macaque_Face_3159.jpg,2014-02-13,Random,train,1
3059,Serena,MacaqueFaces/Rotated/Serena/Macaque_Face_3060.jpg,2015-07-17,Rotated,train,1
3065,Serena,MacaqueFaces/Random/Serena/Macaque_Face_3066.jpg,2014-10-06,Random,train,1
3093,Serena,MacaqueFaces/Random/Serena/Macaque_Face_3094.jpg,2015-07-23,Random,train,1
3119,Serena,MacaqueFaces/Random/Serena/Macaque_Face_3120.jpg,2015-07-23,Random,train,1
928,Libby,MacaqueFaces/Random/Libby/Macaque_Face_929.jpg,2015-07-02,Random,train,1
900,Libby,MacaqueFaces/Random/Libby/Macaque_Face_901.jpg,2015-07-02,Random,train,1
827,Libby,MacaqueFaces/Rotated/Libby/Macaque_Face_828.jpg,2014-07-15,Rotated,train,1
857,Libby,MacaqueFaces/Random/Libby/Macaque_Face_858.jpg,2014-07-11,Random,train,1
859,Libby,MacaqueFaces/Random/Libby/Macaque_Face_860.jpg,2014-07-15,Random,train,1
809,Libby,MacaqueFaces/Good/Libby/Macaque_Face_810.jpg,2014-06-16,Good,train,1
876,Libby,MacaqueFaces/Random/Libby/Macaque_Face_877.jpg,2015-07-02,Random,train,1
866,Libby,MacaqueFaces/Random/Libby/Macaque_Face_867.jpg,2014-07-15,Random,train,1
759,Libby,MacaqueFaces/Expression/Libby/Macaque_Face_760.jpg,2014-07-15,Expression,train,1
788,Libby,MacaqueFaces/Good/Libby/Macaque_Face_789.jpg,2014-07-11,Good,train,1
762,Libby,MacaqueFaces/Good/Libby/Macaque_Face_763.jpg,2015-07-02,Good,train,1
853,Libby,MacaqueFaces/Random/Libby/Macaque_Face_854.jpg,2014-07-11,Random,train,1
904,Libby,MacaqueFaces/Random/Libby/Macaque_Face_905.jpg,2015-02-16,Random,train,1
925,Libby,MacaqueFaces/Random/Libby/Macaque_Face_926.jpg,2014-07-15,Random,train,1
815,Libby,MacaqueFaces/Obscured/Libby/Macaque_Face_816.jpg,2014-07-11,Obscured,train,1
826,Libby,MacaqueFaces/Rotated/Libby/Macaque_Face_827.jpg,2014-07-11,Rotated,train,1
896,Libby,MacaqueFaces/Random/Libby/Macaque_Face_897.jpg,2014-07-11,Random,train,1
875,Libby,MacaqueFaces/Random/Libby/Macaque_Face_876.jpg,2014-07-15,Random,train,1
921,Libby,MacaqueFaces/Random/Libby/Macaque_Face_922.jpg,2015-02-16,Random,train,1
884,Libby,MacaqueFaces/Random/Libby/Macaque_Face_885.jpg,2015-07-02,Random,train,1
2599,Rupee,MacaqueFaces/Contrast/Rupee/Macaque_Face_2600.jpg,2015-07-17,Contrast,train,1
2602,Rupee,MacaqueFaces/Expression/Rupee/Macaque_Face_2603.jpg,2015-06-02,Expression,train,1
2706,Rupee,MacaqueFaces/Random/Rupee/Macaque_Face_2707.jpg,2014-07-03,Random,train,1
2667,Rupee,MacaqueFaces/Obscured/Rupee/Macaque_Face_2668.jpg,2014-09-18,Obscured,train,1
2653,Rupee,MacaqueFaces/Good/Rupee/Macaque_Face_2654.jpg,2014-08-26,Good,train,1
2617,Rupee,MacaqueFaces/Good/Rupee/Macaque_Face_2618.jpg,2014-12-04,Good,train,1
2775,Rupee,MacaqueFaces/Random/Rupee/Macaque_Face_2776.jpg,2014-08-26,Random,train,1
2754,Rupee,MacaqueFaces/Random/Rupee/Macaque_Face_2755.jpg,2015-03-18,Random,train,1
2687,Rupee,MacaqueFaces/Random/Rupee/Macaque_Face_2688.jpg,2014-08-26,Random,train,1
2680,Rupee,MacaqueFaces/Random/Rupee/Macaque_Face_2681.jpg,2015-07-06,Random,train,1
2746,Rupee,MacaqueFaces/Random/Rupee/Macaque_Face_2747.jpg,2014-12-02,Random,train,1
2714,Rupee,MacaqueFaces/Random/Rupee/Macaque_Face_2715.jpg,2015-06-02,Random,train,1
2740,Rupee,MacaqueFaces/Random/Rupee/Macaque_Face_2741.jpg,2015-03-18,Random,train,1
2697,Rupee,MacaqueFaces/Random/Rupee/Macaque_Face_2698.jpg,2015-03-18,Random,train,1
2676,Rupee,MacaqueFaces/Rotated/Rupee/Macaque_Face_2677.jpg,2014-09-05,Rotated,train,1
2778,Rupee,MacaqueFaces/Random/Rupee/Macaque_Face_2779.jpg,2014-10-27,Random,train,1
2679,Rupee,MacaqueFaces/Rotated/Rupee/Macaque_Face_2680.jpg,2014-10-06,Rotated,train,1
2685,Rupee,MacaqueFaces/Random/Rupee/Macaque_Face_2686.jpg,2014-10-27,Random,train,1
2713,Rupee,MacaqueFaces/Random/Rupee/Macaque_Face_2714.jpg,2014-10-27,Random,train,1
2739,Rupee,MacaqueFaces/Random/Rupee/Macaque_Face_2740.jpg,2014-10-27,Random,train,1
2146,Melody,MacaqueFaces/Random/Melody/Macaque_Face_2147.jpg,2015-07-02,Random,train,1
2039,Melody,MacaqueFaces/Expression/Melody/Macaque_Face_2040.jpg,2014-06-16,Expression,train,1
2068,Melody,MacaqueFaces/Good/Melody/Macaque_Face_2069.jpg,2014-07-11,Good,train,1
2042,Melody,MacaqueFaces/Good/Melody/Macaque_Face_2043.jpg,2015-07-02,Good,train,1
2133,Melody,MacaqueFaces/Random/Melody/Macaque_Face_2134.jpg,2015-07-02,Random,train,1
2184,Melody,MacaqueFaces/Random/Melody/Macaque_Face_2185.jpg,2015-02-16,Random,train,1
2205,Melody,MacaqueFaces/Random/Melody/Macaque_Face_2206.jpg,2015-07-02,Random,train,1
2095,Melody,MacaqueFaces/Obscured/Melody/Macaque_Face_2096.jpg,2015-02-16,Obscured,train,1
2106,Melody,MacaqueFaces/Rotated/Melody/Macaque_Face_2107.jpg,2014-07-15,Rotated,train,1
2176,Melody,MacaqueFaces/Random/Melody/Macaque_Face_2177.jpg,2015-02-16,Random,train,1
2155,Melody,MacaqueFaces/Random/Melody/Macaque_Face_2156.jpg,2014-06-18,Random,train,1
2201,Melody,MacaqueFaces/Random/Melody/Macaque_Face_2202.jpg,2014-07-15,Random,train,1
2164,Melody,MacaqueFaces/Random/Melody/Macaque_Face_2165.jpg,2014-06-18,Random,train,1
5199,Tes,MacaqueFaces/Contrast/Tes/Macaque_Face_5200.jpg,2015-07-21,Contrast,train,1
5202,Tes,MacaqueFaces/Expression/Tes/Macaque_Face_5203.jpg,2015-01-14,Expression,train,1
5306,Tes,MacaqueFaces/Random/Tes/Macaque_Face_5307.jpg,2015-07-15,Random,train,1
5267,Tes,MacaqueFaces/Obscured/Tes/Macaque_Face_5268.jpg,2015-05-29,Obscured,train,1
5253,Tes,MacaqueFaces/Good/Tes/Macaque_Face_5254.jpg,2015-07-21,Good,train,1
5217,Tes,MacaqueFaces/Good/Tes/Macaque_Face_5218.jpg,2014-07-09,Good,train,1
5375,Tes,MacaqueFaces/Random/Tes/Macaque_Face_5376.jpg,2015-01-14,Random,train,1
5354,Tes,MacaqueFaces/Random/Tes/Macaque_Face_5355.jpg,2015-07-15,Random,train,1
5287,Tes,MacaqueFaces/Random/Tes/Macaque_Face_5288.jpg,2014-06-30,Random,train,1
5280,Tes,MacaqueFaces/Random/Tes/Macaque_Face_5281.jpg,2015-07-14,Random,train,1
5346,Tes,MacaqueFaces/Random/Tes/Macaque_Face_5347.jpg,2015-07-15,Random,train,1
5314,Tes,MacaqueFaces/Random/Tes/Macaque_Face_5315.jpg,2015-07-14,Random,train,1
5340,Tes,MacaqueFaces/Random/Tes/Macaque_Face_5341.jpg,2014-11-19,Random,train,1
5297,Tes,MacaqueFaces/Random/Tes/Macaque_Face_5298.jpg,2015-01-14,Random,train,1
5276,Tes,MacaqueFaces/Rotated/Tes/Macaque_Face_5277.jpg,2015-07-21,Rotated,train,1
5378,Tes,MacaqueFaces/Random/Tes/Macaque_Face_5379.jpg,2015-01-14,Random,train,1
5279,Tes,MacaqueFaces/Rotated/Tes/Macaque_Face_5280.jpg,2014-06-30,Rotated,train,1
5285,Tes,MacaqueFaces/Random/Tes/Macaque_Face_5286.jpg,2014-06-30,Random,train,1
5313,Tes,MacaqueFaces/Random/Tes/Macaque_Face_5314.jpg,2015-07-14,Random,train,1
5339,Tes,MacaqueFaces/Random/Tes/Macaque_Face_5340.jpg,2015-02-23,Random,train,1
2028,Meg,MacaqueFaces/Random/Meg/Macaque_Face_2029.jpg,2014-07-15,Random,train,2
2000,Meg,MacaqueFaces/Random/Meg/Macaque_Face_2001.jpg,2014-07-11,Random,train,2
1927,Meg,MacaqueFaces/Rotated/Meg/Macaque_Face_1928.jpg,2015-02-16,Rotated,train,2
1957,Meg,MacaqueFaces/Random/Meg/Macaque_Face_1958.jpg,2014-07-15,Random,train,2
1959,Meg,MacaqueFaces/Random/Meg/Macaque_Face_1960.jpg,2014-07-15,Random,train,2
1909,Meg,MacaqueFaces/Good/Meg/Macaque_Face_1910.jpg,2014-06-18,Good,train,2
1976,Meg,MacaqueFaces/Random/Meg/Macaque_Face_1977.jpg,2014-07-11,Random,train,2
1966,Meg,MacaqueFaces/Random/Meg/Macaque_Face_1967.jpg,2015-07-02,Random,train,2
1859,Meg,MacaqueFaces/Expression/Meg/Macaque_Face_1860.jpg,2014-07-11,Expression,train,2
1888,Meg,MacaqueFaces/Good/Meg/Macaque_Face_1889.jpg,2014-07-11,Good,train,2
1862,Meg,MacaqueFaces/Good/Meg/Macaque_Face_1863.jpg,2015-07-02,Good,train,2
1953,Meg,MacaqueFaces/Random/Meg/Macaque_Face_1954.jpg,2014-06-18,Random,train,2
2004,Meg,MacaqueFaces/Random/Meg/Macaque_Face_2005.jpg,2014-06-18,Random,train,2
2025,Meg,MacaqueFaces/Random/Meg/Macaque_Face_2026.jpg,2014-07-11,Random,train,2
1915,Meg,MacaqueFaces/Obscured/Meg/Macaque_Face_1916.jpg,2014-07-11,Obscured,train,2
1926,Meg,MacaqueFaces/Rotated/Meg/Macaque_Face_1927.jpg,2015-02-16,Rotated,train,2
1996,Meg,MacaqueFaces/Random/Meg/Macaque_Face_1997.jpg,2014-07-15,Random,train,2
1975,Meg,MacaqueFaces/Random/Meg/Macaque_Face_1976.jpg,2015-07-02,Random,train,2
2021,Meg,MacaqueFaces/Random/Meg/Macaque_Face_2022.jpg,2015-07-02,Random,train,2
1984,Meg,MacaqueFaces/Random/Meg/Macaque_Face_1985.jpg,2014-06-18,Random,train,2
939,Linz,MacaqueFaces/Contrast/Linz/Macaque_Face_940.jpg,2014-06-05,Contrast,train,2
942,Linz,MacaqueFaces/Expression/Linz/Macaque_Face_943.jpg,2014-02-19,Expression,train,2
1046,Linz,MacaqueFaces/Random/Linz/Macaque_Face_1047.jpg,2015-07-01,Random,train,2
1007,Linz,MacaqueFaces/Obscured/Linz/Macaque_Face_1008.jpg,2014-11-25,Obscured,train,2
993,Linz,MacaqueFaces/Good/Linz/Macaque_Face_994.jpg,2014-11-25,Good,train,2
957,Linz,MacaqueFaces/Good/Linz/Macaque_Face_958.jpg,2015-02-16,Good,train,2
1115,Linz,MacaqueFaces/Random/Linz/Macaque_Face_1116.jpg,2014-02-19,Random,train,2
1094,Linz,MacaqueFaces/Random/Linz/Macaque_Face_1095.jpg,2015-07-03,Random,train,2
1027,Linz,MacaqueFaces/Random/Linz/Macaque_Face_1028.jpg,2015-07-01,Random,train,2
1020,Linz,MacaqueFaces/Random/Linz/Macaque_Face_1021.jpg,2014-02-19,Random,train,2
1086,Linz,MacaqueFaces/Random/Linz/Macaque_Face_1087.jpg,2014-06-05,Random,train,2
1054,Linz,MacaqueFaces/Random/Linz/Macaque_Face_1055.jpg,2014-02-19,Random,train,2
1080,Linz,MacaqueFaces/Random/Linz/Macaque_Face_1081.jpg,2014-03-21,Random,train,2
1037,Linz,MacaqueFaces/Random/Linz/Macaque_Face_1038.jpg,2015-02-16,Random,train,2
1016,Linz,MacaqueFaces/Rotated/Linz/Macaque_Face_1017.jpg,2014-03-21,Rotated,train,2
1118,Linz,MacaqueFaces/Random/Linz/Macaque_Face_1119.jpg,2015-07-01,Random,train,2
1019,Linz,MacaqueFaces/Rotated/Linz/Macaque_Face_1020.jpg,2014-11-25,Rotated,train,2
1025,Linz,MacaqueFaces/Random/Linz/Macaque_Face_1026.jpg,2015-07-03,Random,train,2
1053,Linz,MacaqueFaces/Random/Linz/Macaque_Face_1054.jpg,2015-02-16,Random,train,2
1079,Linz,MacaqueFaces/Random/Linz/Macaque_Face_1080.jpg,2014-02-19,Random,train,2
2409,Ocelot,MacaqueFaces/Contrast/Ocelot/Macaque_Face_2410.jpg,2014-06-30,Contrast,train,3
2412,Ocelot,MacaqueFaces/Expression/Ocelot/Macaque_Face_2413.jpg,2015-04-07,Expression,train,3
2516,Ocelot,MacaqueFaces/Random/Ocelot/Macaque_Face_2517.jpg,2014-06-30,Random,train,3
2477,Ocelot,MacaqueFaces/Obscured/Ocelot/Macaque_Face_2478.jpg,2014-07-09,Obscured,train,3
2463,Ocelot,MacaqueFaces/Good/Ocelot/Macaque_Face_2464.jpg,2014-11-19,Good,train,3
2427,Ocelot,MacaqueFaces/Good/Ocelot/Macaque_Face_2428.jpg,2015-04-07,Good,train,3
2585,Ocelot,MacaqueFaces/Random/Ocelot/Macaque_Face_2586.jpg,2015-02-23,Random,train,3
2564,Ocelot,MacaqueFaces/Random/Ocelot/Macaque_Face_2565.jpg,2015-07-15,Random,train,3
2497,Ocelot,MacaqueFaces/Random/Ocelot/Macaque_Face_2498.jpg,2015-01-14,Random,train,3
2490,Ocelot,MacaqueFaces/Random/Ocelot/Macaque_Face_2491.jpg,2014-11-19,Random,train,3
2556,Ocelot,MacaqueFaces/Random/Ocelot/Macaque_Face_2557.jpg,2014-06-30,Random,train,3
2524,Ocelot,MacaqueFaces/Random/Ocelot/Macaque_Face_2525.jpg,2014-06-30,Random,train,3
2550,Ocelot,MacaqueFaces/Random/Ocelot/Macaque_Face_2551.jpg,2014-06-30,Random,train,3
2507,Ocelot,MacaqueFaces/Random/Ocelot/Macaque_Face_2508.jpg,2015-06-24,Random,train,3
2486,Ocelot,MacaqueFaces/Rotated/Ocelot/Macaque_Face_2487.jpg,2015-01-14,Rotated,train,3
2588,Ocelot,MacaqueFaces/Random/Ocelot/Macaque_Face_2589.jpg,2015-07-14,Random,train,3
2489,Ocelot,MacaqueFaces/Rotated/Ocelot/Macaque_Face_2490.jpg,2014-11-19,Rotated,train,3
2495,Ocelot,MacaqueFaces/Random/Ocelot/Macaque_Face_2496.jpg,2015-04-07,Random,train,3
2523,Ocelot,MacaqueFaces/Random/Ocelot/Macaque_Face_2524.jpg,2015-07-14,Random,train,3
2549,Ocelot,MacaqueFaces/Random/Ocelot/Macaque_Face_2550.jpg,2015-02-23,Random,train,3
4404,Sugar,MacaqueFaces/Random/Sugar/Macaque_Face_4405.jpg,2014-06-12,Random,train,3
4337,Sugar,MacaqueFaces/Random/Sugar/Macaque_Face_4338.jpg,2014-09-18,Random,train,3
4330,Sugar,MacaqueFaces/Random/Sugar/Macaque_Face_4331.jpg,2014-07-16,Random,train,3
4396,Sugar,MacaqueFaces/Random/Sugar/Macaque_Face_4397.jpg,2015-07-17,Random,train,3
4364,Sugar,MacaqueFaces/Random/Sugar/Macaque_Face_4365.jpg,2015-07-14,Random,train,3
4390,Sugar,MacaqueFaces/Random/Sugar/Macaque_Face_4391.jpg,2015-06-01,Random,train,3
4347,Sugar,MacaqueFaces/Random/Sugar/Macaque_Face_4348.jpg,2014-02-13,Random,train,3
4326,Sugar,MacaqueFaces/Rotated/Sugar/Macaque_Face_4327.jpg,2015-06-08,Rotated,train,3
4428,Sugar,MacaqueFaces/Random/Sugar/Macaque_Face_4429.jpg,2014-03-19,Random,train,3
4329,Sugar,MacaqueFaces/Rotated/Sugar/Macaque_Face_4330.jpg,2014-10-27,Rotated,train,3
4335,Sugar,MacaqueFaces/Random/Sugar/Macaque_Face_4336.jpg,2014-10-06,Random,train,3
4363,Sugar,MacaqueFaces/Random/Sugar/Macaque_Face_4364.jpg,2014-08-06,Random,train,3
4389,Sugar,MacaqueFaces/Random/Sugar/Macaque_Face_4390.jpg,2014-08-26,Random,train,3
5009,Teal,MacaqueFaces/Contrast/Teal/Macaque_Face_5010.jpg,2014-06-12,Contrast,train,3
5012,Teal,MacaqueFaces/Expression/Teal/Macaque_Face_5013.jpg,2014-12-05,Expression,train,3
5116,Teal,MacaqueFaces/Random/Teal/Macaque_Face_5117.jpg,2014-09-05,Random,train,3
5077,Teal,MacaqueFaces/Obscured/Teal/Macaque_Face_5078.jpg,2014-02-13,Obscured,train,3
5063,Teal,MacaqueFaces/Good/Teal/Macaque_Face_5064.jpg,2015-01-20,Good,train,3
5027,Teal,MacaqueFaces/Good/Teal/Macaque_Face_5028.jpg,2014-09-05,Good,train,3
5185,Teal,MacaqueFaces/Random/Teal/Macaque_Face_5186.jpg,2014-06-12,Random,train,3
5164,Teal,MacaqueFaces/Random/Teal/Macaque_Face_5165.jpg,2014-11-12,Random,train,3
5097,Teal,MacaqueFaces/Random/Teal/Macaque_Face_5098.jpg,2015-07-08,Random,train,3
5090,Teal,MacaqueFaces/Random/Teal/Macaque_Face_5091.jpg,2014-06-12,Random,train,3
5156,Teal,MacaqueFaces/Random/Teal/Macaque_Face_5157.jpg,2015-02-24,Random,train,3
5124,Teal,MacaqueFaces/Random/Teal/Macaque_Face_5125.jpg,2015-07-23,Random,train,3
5150,Teal,MacaqueFaces/Random/Teal/Macaque_Face_5151.jpg,2014-08-26,Random,train,3
5107,Teal,MacaqueFaces/Random/Teal/Macaque_Face_5108.jpg,2014-04-23,Random,train,3
5086,Teal,MacaqueFaces/Rotated/Teal/Macaque_Face_5087.jpg,2014-10-06,Rotated,train,3
5188,Teal,MacaqueFaces/Random/Teal/Macaque_Face_5189.jpg,2014-12-05,Random,train,3
5089,Teal,MacaqueFaces/Rotated/Teal/Macaque_Face_5090.jpg,2015-01-20,Rotated,train,3
5095,Teal,MacaqueFaces/Random/Teal/Macaque_Face_5096.jpg,2015-07-17,Random,train,3
5123,Teal,MacaqueFaces/Random/Teal/Macaque_Face_5124.jpg,2015-01-20,Random,train,3
5149,Teal,MacaqueFaces/Random/Teal/Macaque_Face_5150.jpg,2014-09-05,Random,train,3
4629,Tass,MacaqueFaces/Contrast/Tass/Macaque_Face_4630.jpg,2014-06-30,Contrast,train,3
4632,Tass,MacaqueFaces/Expression/Tass/Macaque_Face_4633.jpg,2015-07-14,Expression,train,3
4736,Tass,MacaqueFaces/Random/Tass/Macaque_Face_4737.jpg,2015-02-23,Random,train,3
4697,Tass,MacaqueFaces/Obscured/Tass/Macaque_Face_4698.jpg,2015-02-23,Obscured,train,3
4683,Tass,MacaqueFaces/Good/Tass/Macaque_Face_4684.jpg,2015-02-23,Good,train,3
4647,Tass,MacaqueFaces/Good/Tass/Macaque_Face_4648.jpg,2015-04-07,Good,train,3
4805,Tass,MacaqueFaces/Random/Tass/Macaque_Face_4806.jpg,2014-11-19,Random,train,3
4784,Tass,MacaqueFaces/Random/Tass/Macaque_Face_4785.jpg,2015-04-07,Random,train,3
4717,Tass,MacaqueFaces/Random/Tass/Macaque_Face_4718.jpg,2015-07-15,Random,train,3
4710,Tass,MacaqueFaces/Random/Tass/Macaque_Face_4711.jpg,2015-01-14,Random,train,3
4776,Tass,MacaqueFaces/Random/Tass/Macaque_Face_4777.jpg,2015-07-21,Random,train,3
4744,Tass,MacaqueFaces/Random/Tass/Macaque_Face_4745.jpg,2015-04-07,Random,train,3
4770,Tass,MacaqueFaces/Random/Tass/Macaque_Face_4771.jpg,2015-04-07,Random,train,3
4727,Tass,MacaqueFaces/Random/Tass/Macaque_Face_4728.jpg,2015-04-07,Random,train,3
4706,Tass,MacaqueFaces/Rotated/Tass/Macaque_Face_4707.jpg,2015-07-14,Rotated,train,3
4808,Tass,MacaqueFaces/Random/Tass/Macaque_Face_4809.jpg,2015-04-07,Random,train,3
4709,Tass,MacaqueFaces/Rotated/Tass/Macaque_Face_4710.jpg,2014-06-30,Rotated,train,3
4715,Tass,MacaqueFaces/Random/Tass/Macaque_Face_4716.jpg,2015-04-07,Random,train,3
4743,Tass,MacaqueFaces/Random/Tass/Macaque_Face_4744.jpg,2015-02-23,Random,train,3
4769,Tass,MacaqueFaces/Random/Tass/Macaque_Face_4770.jpg,2015-07-21,Random,train,3
368,Judd,MacaqueFaces/Random/Judd/Macaque_Face_369.jpg,2015-06-24,Random,train,3
340,Judd,MacaqueFaces/Random/Judd/Macaque_Face_341.jpg,2015-07-14,Random,train,3
267,Judd,MacaqueFaces/Rotated/Judd/Macaque_Face_268.jpg,2015-07-15,Rotated,train,3
297,Judd,MacaqueFaces/Random/Judd/Macaque_Face_298.jpg,2015-06-24,Random,train,3
299,Judd,MacaqueFaces/Random/Judd/Macaque_Face_300.jpg,2015-07-14,Random,train,3
249,Judd,MacaqueFaces/Good/Judd/Macaque_Face_250.jpg,2014-06-30,Good,train,3
316,Judd,MacaqueFaces/Random/Judd/Macaque_Face_317.jpg,2015-01-14,Random,train,3
306,Judd,MacaqueFaces/Random/Judd/Macaque_Face_307.jpg,2015-07-14,Random,train,3
199,Judd,MacaqueFaces/Expression/Judd/Macaque_Face_200.jpg,2015-07-21,Expression,train,3
228,Judd,MacaqueFaces/Good/Judd/Macaque_Face_229.jpg,2015-07-14,Good,train,3
202,Judd,MacaqueFaces/Good/Judd/Macaque_Face_203.jpg,2015-04-07,Good,train,3
293,Judd,MacaqueFaces/Random/Judd/Macaque_Face_294.jpg,2015-07-15,Random,train,3
344,Judd,MacaqueFaces/Random/Judd/Macaque_Face_345.jpg,2015-07-21,Random,train,3
365,Judd,MacaqueFaces/Random/Judd/Macaque_Face_366.jpg,2015-07-14,Random,train,3
255,Judd,MacaqueFaces/Obscured/Judd/Macaque_Face_256.jpg,2015-07-14,Obscured,train,3
266,Judd,MacaqueFaces/Rotated/Judd/Macaque_Face_267.jpg,2015-07-14,Rotated,train,3
336,Judd,MacaqueFaces/Random/Judd/Macaque_Face_337.jpg,2015-07-14,Random,train,3
315,Judd,MacaqueFaces/Random/Judd/Macaque_Face_316.jpg,2015-07-14,Random,train,3
361,Judd,MacaqueFaces/Random/Judd/Macaque_Face_362.jpg,2015-05-29,Random,train,3
324,Judd,MacaqueFaces/Random/Judd/Macaque_Face_325.jpg,2015-07-14,Random,train,3
1489,Maj,MacaqueFaces/Contrast/Maj/Macaque_Face_1490.jpg,2014-06-05,Contrast,train,3
1492,Maj,MacaqueFaces/Expression/Maj/Macaque_Face_1493.jpg,2014-02-19,Expression,train,3
1596,Maj,MacaqueFaces/Random/Maj/Macaque_Face_1597.jpg,2014-02-19,Random,train,3
1557,Maj,MacaqueFaces/Obscured/Maj/Macaque_Face_1558.jpg,2014-02-19,Obscured,train,3
1543,Maj,MacaqueFaces/Good/Maj/Macaque_Face_1544.jpg,2014-03-21,Good,train,3
1507,Maj,MacaqueFaces/Good/Maj/Macaque_Face_1508.jpg,2015-07-03,Good,train,3
1665,Maj,MacaqueFaces/Random/Maj/Macaque_Face_1666.jpg,2015-07-01,Random,train,3
1644,Maj,MacaqueFaces/Random/Maj/Macaque_Face_1645.jpg,2015-02-16,Random,train,3
1577,Maj,MacaqueFaces/Random/Maj/Macaque_Face_1578.jpg,2014-03-21,Random,train,3
1570,Maj,MacaqueFaces/Random/Maj/Macaque_Face_1571.jpg,2014-02-19,Random,train,3
1636,Maj,MacaqueFaces/Random/Maj/Macaque_Face_1637.jpg,2014-02-19,Random,train,3
1604,Maj,MacaqueFaces/Random/Maj/Macaque_Face_1605.jpg,2014-11-25,Random,train,3
1630,Maj,MacaqueFaces/Random/Maj/Macaque_Face_1631.jpg,2014-02-19,Random,train,3
1587,Maj,MacaqueFaces/Random/Maj/Macaque_Face_1588.jpg,2014-11-25,Random,train,3
1566,Maj,MacaqueFaces/Rotated/Maj/Macaque_Face_1567.jpg,2014-02-19,Rotated,train,3
1668,Maj,MacaqueFaces/Random/Maj/Macaque_Face_1669.jpg,2014-03-21,Random,train,3
1569,Maj,MacaqueFaces/Rotated/Maj/Macaque_Face_1570.jpg,2014-11-25,Rotated,train,3
1575,Maj,MacaqueFaces/Random/Maj/Macaque_Face_1576.jpg,2015-07-03,Random,train,3
1603,Maj,MacaqueFaces/Random/Maj/Macaque_Face_1604.jpg,2015-07-01,Random,train,3
1629,Maj,MacaqueFaces/Random/Maj/Macaque_Face_1630.jpg,2014-02-19,Random,train,3
3699,Sonja,MacaqueFaces/Contrast/Sonja/Macaque_Face_3700.jpg,2015-06-08,Contrast,train,3
3702,Sonja,MacaqueFaces/Expression/Sonja/Macaque_Face_3703.jpg,2014-12-04,Expression,train,3
3806,Sonja,MacaqueFaces/Random/Sonja/Macaque_Face_3807.jpg,2014-12-19,Random,train,3
3767,Sonja,MacaqueFaces/Obscured/Sonja/Macaque_Face_3768.jpg,2014-09-05,Obscured,train,3
3753,Sonja,MacaqueFaces/Good/Sonja/Macaque_Face_3754.jpg,2014-12-19,Good,train,3
3717,Sonja,MacaqueFaces/Good/Sonja/Macaque_Face_3718.jpg,2014-12-04,Good,train,3
3875,Sonja,MacaqueFaces/Random/Sonja/Macaque_Face_3876.jpg,2014-04-23,Random,train,3
3854,Sonja,MacaqueFaces/Random/Sonja/Macaque_Face_3855.jpg,2014-03-19,Random,train,3
3787,Sonja,MacaqueFaces/Random/Sonja/Macaque_Face_3788.jpg,2014-09-05,Random,train,3
3780,Sonja,MacaqueFaces/Random/Sonja/Macaque_Face_3781.jpg,2014-10-06,Random,train,3
3846,Sonja,MacaqueFaces/Random/Sonja/Macaque_Face_3847.jpg,2014-12-04,Random,train,3
3814,Sonja,MacaqueFaces/Random/Sonja/Macaque_Face_3815.jpg,2015-04-14,Random,train,3
3840,Sonja,MacaqueFaces/Random/Sonja/Macaque_Face_3841.jpg,2014-12-19,Random,train,3
3797,Sonja,MacaqueFaces/Random/Sonja/Macaque_Face_3798.jpg,2015-04-14,Random,train,3
3776,Sonja,MacaqueFaces/Rotated/Sonja/Macaque_Face_3777.jpg,2014-08-06,Rotated,train,3
3878,Sonja,MacaqueFaces/Random/Sonja/Macaque_Face_3879.jpg,2014-09-18,Random,train,3
3779,Sonja,MacaqueFaces/Rotated/Sonja/Macaque_Face_3780.jpg,2014-11-12,Rotated,train,3
3785,Sonja,MacaqueFaces/Random/Sonja/Macaque_Face_3786.jpg,2015-04-14,Random,train,3
3813,Sonja,MacaqueFaces/Random/Sonja/Macaque_Face_3814.jpg,2014-10-06,Random,train,3
3839,Sonja,MacaqueFaces/Random/Sonja/Macaque_Face_3840.jpg,2015-06-01,Random,train,3
379,Lala,MacaqueFaces/Contrast/Lala/Macaque_Face_380.jpg,2014-07-15,Contrast,train,3
382,Lala,MacaqueFaces/Expression/Lala/Macaque_Face_383.jpg,2014-07-11,Expression,train,3
486,Lala,MacaqueFaces/Random/Lala/Macaque_Face_487.jpg,2014-07-15,Random,train,3
447,Lala,MacaqueFaces/Obscured/Lala/Macaque_Face_448.jpg,2014-07-11,Obscured,train,3
433,Lala,MacaqueFaces/Good/Lala/Macaque_Face_434.jpg,2014-06-16,Good,train,3
397,Lala,MacaqueFaces/Good/Lala/Macaque_Face_398.jpg,2015-07-02,Good,train,3
555,Lala,MacaqueFaces/Random/Lala/Macaque_Face_556.jpg,2014-07-15,Random,train,3
534,Lala,MacaqueFaces/Random/Lala/Macaque_Face_535.jpg,2015-07-02,Random,train,3
467,Lala,MacaqueFaces/Random/Lala/Macaque_Face_468.jpg,2015-07-02,Random,train,3
460,Lala,MacaqueFaces/Random/Lala/Macaque_Face_461.jpg,2014-06-18,Random,train,3
526,Lala,MacaqueFaces/Random/Lala/Macaque_Face_527.jpg,2014-07-15,Random,train,3
494,Lala,MacaqueFaces/Random/Lala/Macaque_Face_495.jpg,2015-07-02,Random,train,3
520,Lala,MacaqueFaces/Random/Lala/Macaque_Face_521.jpg,2015-07-02,Random,train,3
477,Lala,MacaqueFaces/Random/Lala/Macaque_Face_478.jpg,2014-06-16,Random,train,3
456,Lala,MacaqueFaces/Rotated/Lala/Macaque_Face_457.jpg,2014-07-11,Rotated,train,3
558,Lala,MacaqueFaces/Random/Lala/Macaque_Face_559.jpg,2014-06-18,Random,train,3
459,Lala,MacaqueFaces/Rotated/Lala/Macaque_Face_460.jpg,2014-06-16,Rotated,train,3
465,Lala,MacaqueFaces/Random/Lala/Macaque_Face_466.jpg,2014-06-16,Random,train,3
493,Lala,MacaqueFaces/Random/Lala/Macaque_Face_494.jpg,2014-06-16,Random,train,3
519,Lala,MacaqueFaces/Random/Lala/Macaque_Face_520.jpg,2014-07-15,Random,train,3
1416,Lydia,MacaqueFaces/Random/Lydia/Macaque_Face_1417.jpg,2014-07-11,Random,train,3
1309,Lydia,MacaqueFaces/Expression/Lydia/Macaque_Face_1310.jpg,2014-06-18,Expression,train,3
1338,Lydia,MacaqueFaces/Good/Lydia/Macaque_Face_1339.jpg,2014-07-11,Good,train,3
1312,Lydia,MacaqueFaces/Good/Lydia/Macaque_Face_1313.jpg,2015-07-02,Good,train,3
1403,Lydia,MacaqueFaces/Random/Lydia/Macaque_Face_1404.jpg,2014-07-11,Random,train,3
1454,Lydia,MacaqueFaces/Random/Lydia/Macaque_Face_1455.jpg,2014-07-11,Random,train,3
1475,Lydia,MacaqueFaces/Random/Lydia/Macaque_Face_1476.jpg,2014-07-11,Random,train,3
1365,Lydia,MacaqueFaces/Obscured/Lydia/Macaque_Face_1366.jpg,2014-06-16,Obscured,train,3
1376,Lydia,MacaqueFaces/Rotated/Lydia/Macaque_Face_1377.jpg,2014-07-11,Rotated,train,3
1446,Lydia,MacaqueFaces/Random/Lydia/Macaque_Face_1447.jpg,2014-07-11,Random,train,3
1425,Lydia,MacaqueFaces/Random/Lydia/Macaque_Face_1426.jpg,2014-07-11,Random,train,3
1471,Lydia,MacaqueFaces/Random/Lydia/Macaque_Face_1472.jpg,2014-07-15,Random,train,3
1434,Lydia,MacaqueFaces/Random/Lydia/Macaque_Face_1435.jpg,2014-07-11,Random,train,3
4439,Tamara,MacaqueFaces/Contrast/Tamara/Macaque_Face_4440.jpg,2015-07-17,Contrast,train,3
4442,Tamara,MacaqueFaces/Expression/Tamara/Macaque_Face_4443.jpg,2014-08-06,Expression,train,3
4546,Tamara,MacaqueFaces/Random/Tamara/Macaque_Face_4547.jpg,2014-08-06,Random,train,3
4507,Tamara,MacaqueFaces/Obscured/Tamara/Macaque_Face_4508.jpg,2015-04-14,Obscured,train,3
4493,Tamara,MacaqueFaces/Good/Tamara/Macaque_Face_4494.jpg,2014-04-23,Good,train,3
4457,Tamara,MacaqueFaces/Good/Tamara/Macaque_Face_4458.jpg,2014-09-05,Good,train,3
4615,Tamara,MacaqueFaces/Random/Tamara/Macaque_Face_4616.jpg,2014-10-27,Random,train,3
4594,Tamara,MacaqueFaces/Random/Tamara/Macaque_Face_4595.jpg,2015-07-17,Random,train,3
4527,Tamara,MacaqueFaces/Random/Tamara/Macaque_Face_4528.jpg,2014-12-19,Random,train,3
4520,Tamara,MacaqueFaces/Random/Tamara/Macaque_Face_4521.jpg,2015-04-14,Random,train,3
4586,Tamara,MacaqueFaces/Random/Tamara/Macaque_Face_4587.jpg,2014-09-18,Random,train,3
4554,Tamara,MacaqueFaces/Random/Tamara/Macaque_Face_4555.jpg,2014-09-18,Random,train,3
4580,Tamara,MacaqueFaces/Random/Tamara/Macaque_Face_4581.jpg,2014-04-23,Random,train,3
4537,Tamara,MacaqueFaces/Random/Tamara/Macaque_Face_4538.jpg,2015-07-14,Random,train,3
4516,Tamara,MacaqueFaces/Rotated/Tamara/Macaque_Face_4517.jpg,2014-11-12,Rotated,train,3
4618,Tamara,MacaqueFaces/Random/Tamara/Macaque_Face_4619.jpg,2014-02-13,Random,train,3
4519,Tamara,MacaqueFaces/Rotated/Tamara/Macaque_Face_4520.jpg,2014-09-18,Rotated,train,3
4525,Tamara,MacaqueFaces/Random/Tamara/Macaque_Face_4526.jpg,2015-07-23,Random,train,3
4553,Tamara,MacaqueFaces/Random/Tamara/Macaque_Face_4554.jpg,2014-03-19,Random,train,3
4579,Tamara,MacaqueFaces/Random/Tamara/Macaque_Face_4580.jpg,2014-08-26,Random,train,3
4229,Star,MacaqueFaces/Random/Star/Macaque_Face_4230.jpg,2014-11-25,Random,train,3
4129,Star,MacaqueFaces/Obscured/Star/Macaque_Face_4130.jpg,2014-11-25,Obscured,train,3
4215,Star,MacaqueFaces/Random/Star/Macaque_Face_4216.jpg,2014-11-25,Random,train,3
4198,Star,MacaqueFaces/Random/Star/Macaque_Face_4199.jpg,2014-06-05,Random,train,3
4135,Star,MacaqueFaces/Rotated/Star/Macaque_Face_4136.jpg,2014-11-25,Rotated,train,3
4192,Star,MacaqueFaces/Random/Star/Macaque_Face_4193.jpg,2015-02-16,Random,train,3
4210,Star,MacaqueFaces/Random/Star/Macaque_Face_4211.jpg,2014-11-25,Random,train,3
4231,Star,MacaqueFaces/Random/Star/Macaque_Face_4232.jpg,2014-11-25,Random,train,3
4147,Star,MacaqueFaces/Random/Star/Macaque_Face_4148.jpg,2015-07-01,Random,train,3
4097,Star,MacaqueFaces/Good/Star/Macaque_Face_4098.jpg,2015-02-16,Good,train,3
4216,Star,MacaqueFaces/Random/Star/Macaque_Face_4217.jpg,2014-06-05,Random,train,3
4167,Star,MacaqueFaces/Random/Star/Macaque_Face_4168.jpg,2014-11-25,Random,train,3
4173,Star,MacaqueFaces/Random/Star/Macaque_Face_4174.jpg,2015-07-01,Random,train,3
4175,Star,MacaqueFaces/Random/Star/Macaque_Face_4176.jpg,2015-02-16,Random,train,3
4152,Star,MacaqueFaces/Random/Star/Macaque_Face_4153.jpg,2014-11-25,Random,train,3
4235,Star,MacaqueFaces/Random/Star/Macaque_Face_4236.jpg,2015-02-16,Random,train,3
4108,Star,MacaqueFaces/Good/Star/Macaque_Face_4109.jpg,2014-11-25,Good,train,3
4196,Star,MacaqueFaces/Random/Star/Macaque_Face_4197.jpg,2015-07-01,Random,train,3
4228,Star,MacaqueFaces/Random/Star/Macaque_Face_4229.jpg,2015-02-16,Random,train,3
4232,Star,MacaqueFaces/Random/Star/Macaque_Face_4233.jpg,2015-07-03,Random,train,3
569,Leah,MacaqueFaces/Contrast/Leah/Macaque_Face_570.jpg,2014-07-15,Contrast,train,3
572,Leah,MacaqueFaces/Expression/Leah/Macaque_Face_573.jpg,2015-07-02,Expression,train,3
676,Leah,MacaqueFaces/Random/Leah/Macaque_Face_677.jpg,2015-07-02,Random,train,3
637,Leah,MacaqueFaces/Obscured/Leah/Macaque_Face_638.jpg,2014-07-15,Obscured,train,3
623,Leah,MacaqueFaces/Good/Leah/Macaque_Face_624.jpg,2014-06-18,Good,train,3
587,Leah,MacaqueFaces/Good/Leah/Macaque_Face_588.jpg,2015-07-02,Good,train,3
745,Leah,MacaqueFaces/Random/Leah/Macaque_Face_746.jpg,2014-06-16,Random,train,3
724,Leah,MacaqueFaces/Random/Leah/Macaque_Face_725.jpg,2014-06-16,Random,train,3
657,Leah,MacaqueFaces/Random/Leah/Macaque_Face_658.jpg,2015-07-02,Random,train,3
650,Leah,MacaqueFaces/Random/Leah/Macaque_Face_651.jpg,2014-11-25,Random,train,3
716,Leah,MacaqueFaces/Random/Leah/Macaque_Face_717.jpg,2015-07-02,Random,train,3
684,Leah,MacaqueFaces/Random/Leah/Macaque_Face_685.jpg,2015-07-02,Random,train,3
710,Leah,MacaqueFaces/Random/Leah/Macaque_Face_711.jpg,2014-07-15,Random,train,3
667,Leah,MacaqueFaces/Random/Leah/Macaque_Face_668.jpg,2014-06-16,Random,train,3
646,Leah,MacaqueFaces/Rotated/Leah/Macaque_Face_647.jpg,2014-07-11,Rotated,train,3
748,Leah,MacaqueFaces/Random/Leah/Macaque_Face_749.jpg,2014-06-16,Random,train,3
649,Leah,MacaqueFaces/Rotated/Leah/Macaque_Face_650.jpg,2014-06-16,Rotated,train,3
655,Leah,MacaqueFaces/Random/Leah/Macaque_Face_656.jpg,2014-06-16,Random,train,3
683,Leah,MacaqueFaces/Random/Leah/Macaque_Face_684.jpg,2014-06-16,Random,train,3
709,Leah,MacaqueFaces/Random/Leah/Macaque_Face_710.jpg,2015-07-02,Random,train,3
2374,Mindy,MacaqueFaces/Random/Mindy/Macaque_Face_2375.jpg,2014-03-21,Random,train,3
2307,Mindy,MacaqueFaces/Random/Mindy/Macaque_Face_2308.jpg,2015-02-16,Random,train,3
2300,Mindy,MacaqueFaces/Random/Mindy/Macaque_Face_2301.jpg,2015-02-16,Random,train,3
2366,Mindy,MacaqueFaces/Random/Mindy/Macaque_Face_2367.jpg,2015-07-01,Random,train,3
2334,Mindy,MacaqueFaces/Random/Mindy/Macaque_Face_2335.jpg,2014-06-05,Random,train,3
2360,Mindy,MacaqueFaces/Random/Mindy/Macaque_Face_2361.jpg,2015-07-03,Random,train,3
2317,Mindy,MacaqueFaces/Random/Mindy/Macaque_Face_2318.jpg,2015-07-03,Random,train,3
2296,Mindy,MacaqueFaces/Rotated/Mindy/Macaque_Face_2297.jpg,2014-02-19,Rotated,train,3
2398,Mindy,MacaqueFaces/Random/Mindy/Macaque_Face_2399.jpg,2015-02-16,Random,train,3
2299,Mindy,MacaqueFaces/Rotated/Mindy/Macaque_Face_2300.jpg,2014-11-25,Rotated,train,3
2305,Mindy,MacaqueFaces/Random/Mindy/Macaque_Face_2306.jpg,2015-07-01,Random,train,3
2333,Mindy,MacaqueFaces/Random/Mindy/Macaque_Face_2334.jpg,2014-02-19,Random,train,3
2359,Mindy,MacaqueFaces/Random/Mindy/Macaque_Face_2360.jpg,2014-03-21,Random,train,3
5389,Thyme,MacaqueFaces/Contrast/Thyme/Macaque_Face_5390.jpg,2015-06-08,Contrast,train,3
5392,Thyme,MacaqueFaces/Expression/Thyme/Macaque_Face_5393.jpg,2014-12-02,Expression,train,3
5496,Thyme,MacaqueFaces/Random/Thyme/Macaque_Face_5497.jpg,2014-09-05,Random,train,3
5457,Thyme,MacaqueFaces/Obscured/Thyme/Macaque_Face_5458.jpg,2015-04-14,Obscured,train,3
5443,Thyme,MacaqueFaces/Good/Thyme/Macaque_Face_5444.jpg,2014-11-12,Good,train,3
5407,Thyme,MacaqueFaces/Good/Thyme/Macaque_Face_5408.jpg,2014-12-02,Good,train,3
5565,Thyme,MacaqueFaces/Random/Thyme/Macaque_Face_5566.jpg,2014-06-12,Random,train,3
5544,Thyme,MacaqueFaces/Random/Thyme/Macaque_Face_5545.jpg,2015-06-08,Random,train,3
5477,Thyme,MacaqueFaces/Random/Thyme/Macaque_Face_5478.jpg,2014-04-23,Random,train,3
5470,Thyme,MacaqueFaces/Random/Thyme/Macaque_Face_5471.jpg,2014-03-19,Random,train,3
5536,Thyme,MacaqueFaces/Random/Thyme/Macaque_Face_5537.jpg,2015-01-20,Random,train,3
5504,Thyme,MacaqueFaces/Random/Thyme/Macaque_Face_5505.jpg,2014-08-26,Random,train,3
5530,Thyme,MacaqueFaces/Random/Thyme/Macaque_Face_5531.jpg,2014-09-05,Random,train,3
5487,Thyme,MacaqueFaces/Random/Thyme/Macaque_Face_5488.jpg,2015-06-01,Random,train,3
5466,Thyme,MacaqueFaces/Rotated/Thyme/Macaque_Face_5467.jpg,2014-09-05,Rotated,train,3
5568,Thyme,MacaqueFaces/Random/Thyme/Macaque_Face_5569.jpg,2015-05-26,Random,train,3
5469,Thyme,MacaqueFaces/Rotated/Thyme/Macaque_Face_5470.jpg,2014-08-06,Rotated,train,3
5475,Thyme,MacaqueFaces/Random/Thyme/Macaque_Face_5476.jpg,2015-03-18,Random,train,3
5503,Thyme,MacaqueFaces/Random/Thyme/Macaque_Face_5504.jpg,2015-03-18,Random,train,3
5529,Thyme,MacaqueFaces/Random/Thyme/Macaque_Face_5530.jpg,2015-06-01,Random,train,3
4044,Spice,MacaqueFaces/Random/Spice/Macaque_Face_4045.jpg,2014-10-27,Random,train,4
3977,Spice,MacaqueFaces/Random/Spice/Macaque_Face_3978.jpg,2014-12-02,Random,train,4
3970,Spice,MacaqueFaces/Random/Spice/Macaque_Face_3971.jpg,2014-08-06,Random,train,4
4036,Spice,MacaqueFaces/Random/Spice/Macaque_Face_4037.jpg,2014-09-18,Random,train,4
4004,Spice,MacaqueFaces/Random/Spice/Macaque_Face_4005.jpg,2014-11-12,Random,train,4
4030,Spice,MacaqueFaces/Random/Spice/Macaque_Face_4031.jpg,2015-01-20,Random,train,4
3987,Spice,MacaqueFaces/Random/Spice/Macaque_Face_3988.jpg,2014-09-05,Random,train,4
3966,Spice,MacaqueFaces/Rotated/Spice/Macaque_Face_3967.jpg,2014-08-06,Rotated,train,4
4068,Spice,MacaqueFaces/Random/Spice/Macaque_Face_4069.jpg,2014-12-02,Random,train,4
3969,Spice,MacaqueFaces/Rotated/Spice/Macaque_Face_3970.jpg,2014-10-06,Rotated,train,4
3975,Spice,MacaqueFaces/Random/Spice/Macaque_Face_3976.jpg,2014-02-13,Random,train,4
4003,Spice,MacaqueFaces/Random/Spice/Macaque_Face_4004.jpg,2014-10-27,Random,train,4
4029,Spice,MacaqueFaces/Random/Spice/Macaque_Face_4030.jpg,2014-11-12,Random,train,4
9,Dan,MacaqueFaces/Contrast/Dan/Macaque_Face_10.jpg,2015-01-20,Contrast,train,4
12,Dan,MacaqueFaces/Expression/Dan/Macaque_Face_13.jpg,2014-09-05,Expression,train,4
116,Dan,MacaqueFaces/Random/Dan/Macaque_Face_117.jpg,2014-03-19,Random,train,4
77,Dan,MacaqueFaces/Obscured/Dan/Macaque_Face_78.jpg,2015-01-20,Obscured,train,4
63,Dan,MacaqueFaces/Good/Dan/Macaque_Face_64.jpg,2014-09-18,Good,train,4
27,Dan,MacaqueFaces/Good/Dan/Macaque_Face_28.jpg,2014-09-05,Good,train,4
185,Dan,MacaqueFaces/Random/Dan/Macaque_Face_186.jpg,2014-09-18,Random,train,4
164,Dan,MacaqueFaces/Random/Dan/Macaque_Face_165.jpg,2014-06-12,Random,train,4
97,Dan,MacaqueFaces/Random/Dan/Macaque_Face_98.jpg,2014-10-06,Random,train,4
90,Dan,MacaqueFaces/Random/Dan/Macaque_Face_91.jpg,2014-10-06,Random,train,4
156,Dan,MacaqueFaces/Random/Dan/Macaque_Face_157.jpg,2014-11-12,Random,train,4
124,Dan,MacaqueFaces/Random/Dan/Macaque_Face_125.jpg,2015-07-23,Random,train,4
150,Dan,MacaqueFaces/Random/Dan/Macaque_Face_151.jpg,2014-09-18,Random,train,4
107,Dan,MacaqueFaces/Random/Dan/Macaque_Face_108.jpg,2014-08-06,Random,train,4
86,Dan,MacaqueFaces/Rotated/Dan/Macaque_Face_87.jpg,2014-06-12,Rotated,train,4
188,Dan,MacaqueFaces/Random/Dan/Macaque_Face_189.jpg,2014-10-06,Random,train,4
89,Dan,MacaqueFaces/Rotated/Dan/Macaque_Face_90.jpg,2014-12-19,Rotated,train,4
95,Dan,MacaqueFaces/Random/Dan/Macaque_Face_96.jpg,2015-07-23,Random,train,4
123,Dan,MacaqueFaces/Random/Dan/Macaque_Face_124.jpg,2014-03-19,Random,train,4
149,Dan,MacaqueFaces/Random/Dan/Macaque_Face_150.jpg,2014-10-06,Random,train,4
4819,Tea,MacaqueFaces/Contrast/Tea/Macaque_Face_4820.jpg,2015-02-24,Contrast,train,4
4822,Tea,MacaqueFaces/Expression/Tea/Macaque_Face_4823.jpg,2015-07-13,Expression,train,4
4926,Tea,MacaqueFaces/Random/Tea/Macaque_Face_4927.jpg,2015-07-23,Random,train,4
4887,Tea,MacaqueFaces/Obscured/Tea/Macaque_Face_4888.jpg,2014-09-18,Obscured,train,4
4873,Tea,MacaqueFaces/Good/Tea/Macaque_Face_4874.jpg,2014-09-18,Good,train,4
4837,Tea,MacaqueFaces/Good/Tea/Macaque_Face_4838.jpg,2014-09-05,Good,train,4
4995,Tea,MacaqueFaces/Random/Tea/Macaque_Face_4996.jpg,2014-12-19,Random,train,4
4974,Tea,MacaqueFaces/Random/Tea/Macaque_Face_4975.jpg,2014-12-02,Random,train,4
4907,Tea,MacaqueFaces/Random/Tea/Macaque_Face_4908.jpg,2015-07-09,Random,train,4
4900,Tea,MacaqueFaces/Random/Tea/Macaque_Face_4901.jpg,2014-12-19,Random,train,4
4966,Tea,MacaqueFaces/Random/Tea/Macaque_Face_4967.jpg,2014-08-06,Random,train,4
4934,Tea,MacaqueFaces/Random/Tea/Macaque_Face_4935.jpg,2014-12-19,Random,train,4
4960,Tea,MacaqueFaces/Random/Tea/Macaque_Face_4961.jpg,2014-02-13,Random,train,4
4917,Tea,MacaqueFaces/Random/Tea/Macaque_Face_4918.jpg,2014-10-06,Random,train,4
4896,Tea,MacaqueFaces/Rotated/Tea/Macaque_Face_4897.jpg,2015-07-23,Rotated,train,4
4998,Tea,MacaqueFaces/Random/Tea/Macaque_Face_4999.jpg,2014-12-02,Random,train,4
4899,Tea,MacaqueFaces/Rotated/Tea/Macaque_Face_4900.jpg,2014-10-27,Rotated,train,4
4905,Tea,MacaqueFaces/Random/Tea/Macaque_Face_4906.jpg,2014-12-05,Random,train,4
4933,Tea,MacaqueFaces/Random/Tea/Macaque_Face_4934.jpg,2014-03-19,Random,train,4
4959,Tea,MacaqueFaces/Random/Tea/Macaque_Face_4960.jpg,2014-10-27,Random,train,4
6074,Venus,MacaqueFaces/Random/Venus/Macaque_Face_6075.jpg,2015-07-01,Random,train,4
6007,Venus,MacaqueFaces/Random/Venus/Macaque_Face_6008.jpg,2015-07-01,Random,train,4
6000,Venus,MacaqueFaces/Random/Venus/Macaque_Face_6001.jpg,2015-07-03,Random,train,4
6066,Venus,MacaqueFaces/Random/Venus/Macaque_Face_6067.jpg,2015-07-01,Random,train,4
6034,Venus,MacaqueFaces/Random/Venus/Macaque_Face_6035.jpg,2014-03-21,Random,train,4
6060,Venus,MacaqueFaces/Random/Venus/Macaque_Face_6061.jpg,2015-07-03,Random,train,4
6017,Venus,MacaqueFaces/Random/Venus/Macaque_Face_6018.jpg,2014-03-21,Random,train,4
5996,Venus,MacaqueFaces/Rotated/Venus/Macaque_Face_5997.jpg,2014-02-19,Rotated,train,4
6098,Venus,MacaqueFaces/Random/Venus/Macaque_Face_6099.jpg,2015-07-01,Random,train,4
5999,Venus,MacaqueFaces/Rotated/Venus/Macaque_Face_6000.jpg,2014-11-25,Rotated,train,4
6005,Venus,MacaqueFaces/Random/Venus/Macaque_Face_6006.jpg,2014-02-19,Random,train,4
6033,Venus,MacaqueFaces/Random/Venus/Macaque_Face_6034.jpg,2015-07-01,Random,train,4
6059,Venus,MacaqueFaces/Random/Venus/Macaque_Face_6060.jpg,2015-07-01,Random,train,4
6278,Verity,MacaqueFaces/Random/Verity/Macaque_Face_6279.jpg,2014-02-19,Random,train,4
6250,Verity,MacaqueFaces/Random/Verity/Macaque_Face_6251.jpg,2014-02-19,Random,train,4
6177,Verity,MacaqueFaces/Rotated/Verity/Macaque_Face_6178.jpg,2014-02-19,Rotated,train,4
6207,Verity,MacaqueFaces/Random/Verity/Macaque_Face_6208.jpg,2014-11-25,Random,train,4
6209,Verity,MacaqueFaces/Random/Verity/Macaque_Face_6210.jpg,2015-02-16,Random,train,4
6159,Verity,MacaqueFaces/Good/Verity/Macaque_Face_6160.jpg,2014-11-25,Good,train,4
6226,Verity,MacaqueFaces/Random/Verity/Macaque_Face_6227.jpg,2014-02-19,Random,train,4
6216,Verity,MacaqueFaces/Random/Verity/Macaque_Face_6217.jpg,2014-02-19,Random,train,4
6109,Verity,MacaqueFaces/Expression/Verity/Macaque_Face_6110.jpg,2014-02-19,Expression,train,4
6138,Verity,MacaqueFaces/Good/Verity/Macaque_Face_6139.jpg,2014-02-19,Good,train,4
6112,Verity,MacaqueFaces/Good/Verity/Macaque_Face_6113.jpg,2015-07-01,Good,train,4
6203,Verity,MacaqueFaces/Random/Verity/Macaque_Face_6204.jpg,2014-02-19,Random,train,4
6254,Verity,MacaqueFaces/Random/Verity/Macaque_Face_6255.jpg,2015-07-03,Random,train,4
6275,Verity,MacaqueFaces/Random/Verity/Macaque_Face_6276.jpg,2014-02-19,Random,train,4
6165,Verity,MacaqueFaces/Obscured/Verity/Macaque_Face_6166.jpg,2014-02-19,Obscured,train,4
6176,Verity,MacaqueFaces/Rotated/Verity/Macaque_Face_6177.jpg,2014-02-19,Rotated,train,4
6246,Verity,MacaqueFaces/Random/Verity/Macaque_Face_6247.jpg,2014-02-19,Random,train,4
6225,Verity,MacaqueFaces/Random/Verity/Macaque_Face_6226.jpg,2014-02-19,Random,train,4
6271,Verity,MacaqueFaces/Random/Verity/Macaque_Face_6272.jpg,2014-02-19,Random,train,4
6234,Verity,MacaqueFaces/Random/Verity/Macaque_Face_6235.jpg,2014-02-19,Random,train,4
2789,Saphy,MacaqueFaces/Contrast/Saphy/Macaque_Face_2790.jpg,2015-07-22,Contrast,train,4
2792,Saphy,MacaqueFaces/Expression/Saphy/Macaque_Face_2793.jpg,2014-11-12,Expression,train,4
2896,Saphy,MacaqueFaces/Random/Saphy/Macaque_Face_2897.jpg,2015-06-01,Random,train,4
2857,Saphy,MacaqueFaces/Obscured/Saphy/Macaque_Face_2858.jpg,2014-09-05,Obscured,train,4
2843,Saphy,MacaqueFaces/Good/Saphy/Macaque_Face_2844.jpg,2014-09-18,Good,train,4
2807,Saphy,MacaqueFaces/Good/Saphy/Macaque_Face_2808.jpg,2014-10-06,Good,train,4
2965,Saphy,MacaqueFaces/Random/Saphy/Macaque_Face_2966.jpg,2014-08-26,Random,train,4
2944,Saphy,MacaqueFaces/Random/Saphy/Macaque_Face_2945.jpg,2015-07-22,Random,train,4
2877,Saphy,MacaqueFaces/Random/Saphy/Macaque_Face_2878.jpg,2014-09-05,Random,train,4
2870,Saphy,MacaqueFaces/Random/Saphy/Macaque_Face_2871.jpg,2015-07-09,Random,train,4
2936,Saphy,MacaqueFaces/Random/Saphy/Macaque_Face_2937.jpg,2015-07-09,Random,train,4
2904,Saphy,MacaqueFaces/Random/Saphy/Macaque_Face_2905.jpg,2015-07-17,Random,train,4
2930,Saphy,MacaqueFaces/Random/Saphy/Macaque_Face_2931.jpg,2015-05-26,Random,train,4
2887,Saphy,MacaqueFaces/Random/Saphy/Macaque_Face_2888.jpg,2014-08-06,Random,train,4
2866,Saphy,MacaqueFaces/Rotated/Saphy/Macaque_Face_2867.jpg,2014-10-06,Rotated,train,4
2968,Saphy,MacaqueFaces/Random/Saphy/Macaque_Face_2969.jpg,2014-09-18,Random,train,4
2869,Saphy,MacaqueFaces/Rotated/Saphy/Macaque_Face_2870.jpg,2014-10-06,Rotated,train,4
2875,Saphy,MacaqueFaces/Random/Saphy/Macaque_Face_2876.jpg,2015-06-08,Random,train,4
2903,Saphy,MacaqueFaces/Random/Saphy/Macaque_Face_2904.jpg,2014-06-12,Random,train,4
2929,Saphy,MacaqueFaces/Random/Saphy/Macaque_Face_2930.jpg,2014-10-27,Random,train,4
3688,Sol,MacaqueFaces/Random/Sol/Macaque_Face_3689.jpg,2014-06-18,Random,train,4
3660,Sol,MacaqueFaces/Random/Sol/Macaque_Face_3661.jpg,2015-07-02,Random,train,4
3587,Sol,MacaqueFaces/Rotated/Sol/Macaque_Face_3588.jpg,2014-07-11,Rotated,train,4
3617,Sol,MacaqueFaces/Random/Sol/Macaque_Face_3618.jpg,2014-07-11,Random,train,4
3619,Sol,MacaqueFaces/Random/Sol/Macaque_Face_3620.jpg,2014-07-11,Random,train,4
3569,Sol,MacaqueFaces/Good/Sol/Macaque_Face_3570.jpg,2014-06-18,Good,train,4
3636,Sol,MacaqueFaces/Random/Sol/Macaque_Face_3637.jpg,2014-06-18,Random,train,4
3626,Sol,MacaqueFaces/Random/Sol/Macaque_Face_3627.jpg,2015-07-02,Random,train,4
3519,Sol,MacaqueFaces/Expression/Sol/Macaque_Face_3520.jpg,2014-06-16,Expression,train,4
3548,Sol,MacaqueFaces/Good/Sol/Macaque_Face_3549.jpg,2014-07-11,Good,train,4
3522,Sol,MacaqueFaces/Good/Sol/Macaque_Face_3523.jpg,2015-07-02,Good,train,4
3613,Sol,MacaqueFaces/Random/Sol/Macaque_Face_3614.jpg,2015-07-02,Random,train,4
3664,Sol,MacaqueFaces/Random/Sol/Macaque_Face_3665.jpg,2014-06-16,Random,train,4
3685,Sol,MacaqueFaces/Random/Sol/Macaque_Face_3686.jpg,2015-07-02,Random,train,4
3575,Sol,MacaqueFaces/Obscured/Sol/Macaque_Face_3576.jpg,2014-06-16,Obscured,train,4
3586,Sol,MacaqueFaces/Rotated/Sol/Macaque_Face_3587.jpg,2014-07-11,Rotated,train,4
3656,Sol,MacaqueFaces/Random/Sol/Macaque_Face_3657.jpg,2015-07-02,Random,train,4
3635,Sol,MacaqueFaces/Random/Sol/Macaque_Face_3636.jpg,2015-07-02,Random,train,4
3681,Sol,MacaqueFaces/Random/Sol/Macaque_Face_3682.jpg,2014-07-15,Random,train,4
3644,Sol,MacaqueFaces/Random/Sol/Macaque_Face_3645.jpg,2014-06-16,Random,train,4
5899,Ursula,MacaqueFaces/Random/Ursula/Macaque_Face_5900.jpg,2014-02-19,Random,train,4
5799,Ursula,MacaqueFaces/Obscured/Ursula/Macaque_Face_5800.jpg,2014-03-21,Obscured,train,4
5885,Ursula,MacaqueFaces/Random/Ursula/Macaque_Face_5886.jpg,2015-07-01,Random,train,4
5868,Ursula,MacaqueFaces/Random/Ursula/Macaque_Face_5869.jpg,2015-07-01,Random,train,4
5805,Ursula,MacaqueFaces/Rotated/Ursula/Macaque_Face_5806.jpg,2014-02-19,Rotated,train,4
5862,Ursula,MacaqueFaces/Random/Ursula/Macaque_Face_5863.jpg,2014-02-19,Random,train,4
5880,Ursula,MacaqueFaces/Random/Ursula/Macaque_Face_5881.jpg,2015-07-01,Random,train,4
5901,Ursula,MacaqueFaces/Random/Ursula/Macaque_Face_5902.jpg,2015-07-01,Random,train,4
5817,Ursula,MacaqueFaces/Random/Ursula/Macaque_Face_5818.jpg,2014-03-21,Random,train,4
5767,Ursula,MacaqueFaces/Good/Ursula/Macaque_Face_5768.jpg,2014-02-19,Good,train,4
5886,Ursula,MacaqueFaces/Random/Ursula/Macaque_Face_5887.jpg,2014-02-19,Random,train,4
5837,Ursula,MacaqueFaces/Random/Ursula/Macaque_Face_5838.jpg,2015-07-01,Random,train,4
5843,Ursula,MacaqueFaces/Random/Ursula/Macaque_Face_5844.jpg,2015-07-01,Random,train,4
5845,Ursula,MacaqueFaces/Random/Ursula/Macaque_Face_5846.jpg,2014-02-19,Random,train,4
5822,Ursula,MacaqueFaces/Random/Ursula/Macaque_Face_5823.jpg,2015-02-16,Random,train,4
5905,Ursula,MacaqueFaces/Random/Ursula/Macaque_Face_5906.jpg,2014-02-19,Random,train,4
5778,Ursula,MacaqueFaces/Good/Ursula/Macaque_Face_5779.jpg,2014-02-19,Good,train,4
5866,Ursula,MacaqueFaces/Random/Ursula/Macaque_Face_5867.jpg,2014-02-19,Random,train,4
5898,Ursula,MacaqueFaces/Random/Ursula/Macaque_Face_5899.jpg,2015-07-03,Random,train,4
5902,Ursula,MacaqueFaces/Random/Ursula/Macaque_Face_5903.jpg,2015-07-01,Random,train,4
